{
  "camera_position": [
    -135214.22608704751,
    98878.55723032521,
    100764.79946351337
  ],
  "focal_point": [
    13003.815948402738,
    14358.011708857994,
    27613.09550214874
  ],
  "view_up": [
    0.41477795932513695,
    0.8902484416077885,
    -0.1881939336774145
  ],
  "timestamp": "2025-11-02T23:24:42.741635"
}